dimension,base,dialog_first,dialog_full
Attention,1.013986013986014,0.948051948051948,0.9120879120879121
Certainty,0.7752247752247752,0.7982017982017982,0.7362637362637363
Effort,0.8121878121878122,0.7782217782217782,0.961038961038961
Pleasant,0.14085914085914086,0.09290709290709291,0.07792207792207792
Responsibility,0.8621378621378621,0.6283716283716284,0.8401598401598401
Control,0.7232767232767233,0.6393606393606394,0.6063936063936064
Circumstance,0.9070929070929071,0.8251748251748252,0.8631368631368631
