mode,accuracy,macro_f1
dialog_first (raw),0.5564435564435565,0.5066044994815411
dialog_first (with_profile),0.5004995004995005,0.47423323022143965
dialog_full (raw),0.5584415584415584,0.5066005998817321
dialog_full (with_profile),0.47052947052947053,0.43134267210043314
