emotion,support,correct,accuracy
Anger,143,37,0.25874125874125875
Disgust,143,29,0.20279720279720279
Fear,143,96,0.6713286713286714
Guilt,143,114,0.7972027972027972
Joy,143,140,0.9790209790209791
Sadness,143,132,0.9230769230769231
Shame,143,33,0.23076923076923078
