Prior_Emotion,n,base_acc,dialog_first_acc,dialog_full_acc
Anger,143,0.11188811188811189,0.1958041958041958,0.2097902097902098
Disgust,143,0.4825174825174825,0.2097902097902098,0.16783216783216784
Fear,143,0.8601398601398601,0.9300699300699301,0.8671328671328671
Guilt,143,0.7622377622377622,0.7132867132867133,0.8041958041958042
Joy,143,0.8881118881118881,0.958041958041958,0.965034965034965
Sadness,143,0.8531468531468531,0.7692307692307693,0.7552447552447552
Shame,143,0.18181818181818182,0.11888111888111888,0.13986013986013987
