mode,accuracy,macro_f1
base,0.5914085914085914,0.5509904046786047
dialog_first,0.5564435564435565,0.5066044994815411
dialog_full,0.5584415584415584,0.5066005998817321
