dimension,first_raw,first_with_profile,full_raw,full_with_profile
Attention,0.948051948051948,1.0769230769230769,0.9120879120879121,1.055944055944056
Certainty,0.7982017982017982,0.9300699300699301,0.7362637362637363,0.8861138861138861
Effort,0.7782217782217782,0.916083916083916,0.961038961038961,0.9920079920079921
Pleasant,0.09290709290709291,0.22977022977022976,0.07792207792207792,0.26173826173826176
Responsibility,0.6283716283716284,0.7852147852147852,0.8401598401598401,0.958041958041958
Control,0.6393606393606394,0.7472527472527473,0.6063936063936064,0.8591408591408591
Circumstance,0.8251748251748252,0.8841158841158842,0.8631368631368631,0.8621378621378621
